ppm,time
823.8341969,1
823.3497073,2
822.8652177,3
822.3807281,4
821.8962385,5
821.4117488,6
820.9272593,7
820.4427696,8
819.9582801,9
819.4737906,10
818.9893008,11
818.504811,12
818.0203218,13
817.535832,14
817.0513422,15
816.566853,16
816.0823632,17
815.5978735,18
815.1133842,19
814.6288945,20
814.1444047,21
813.6599149,22
813.1754251,23
812.6909365,24
812.2064467,25
811.7219569,26
811.2374671,27
810.7529774,28
810.2684876,29
809.7839989,30
809.2995091,31
808.8150194,32
808.3305296,33
807.8460398,34
807.36155,35
806.8770603,36
806.3925716,37
805.9080818,38
805.423592,39
804.9391023,40
804.4546125,41
803.9701227,42
803.4856329,43
803.0011432,44
802.5166534,45
802.0321658,46
801.547676,47
801.0631863,48
800.5786965,49
800.0942067,50
799.6097169,51
799.1252272,52
798.6407374,53
798.1562476,54
797.6717578,55
797.1872681,56
796.7027783,57
796.2182885,58
795.7338009,59
795.2493112,60
794.7648214,61
794.2803316,62
793.7958418,63
793.3113521,64
792.8268623,65
792.3423725,66
791.8578827,67
791.3733929,68
790.8889032,69
790.4044134,70
789.9199236,71
789.4354361,72
788.9509463,73
788.4664565,74
787.9819667,75
787.497477,76
787.0129872,77
786.5284974,78
786.8514905,79
787.1744835,80
787.4974766,81
787.8204697,82
788.1434628,83
788.4664558,84
788.7894489,85
789.1124419,86
789.4354349,87
789.7584281,88
790.0814213,89
790.4044141,90
790.7274073,91
791.0504005,92
791.3733933,93
791.6963865,94
792.0193797,95
792.3423725,96
792.6653657,97
792.9883589,98
793.311352,99
793.6343452,100
793.9573377,101
794.2803309,102
794.603324,103
794.9263172,104
795.2493104,105
795.5723036,106
795.895296,107
796.2182892,108
796.5412824,109
796.8642756,110
797.1872688,111
797.510262,112
797.8332551,113
798.1562476,114
798.4792408,115
798.802234,116
799.1252271,117
799.4482203,118
799.7712135,119
800.0942067,120
800.4171999,121
800.7401931,122
801.0631848,123
801.386178,124
801.7091711,125
802.0321643,126
802.3551575,127
802.6781507,128
803.0011439,129
803.3241371,130
803.6471302,131
803.9701234,132
804.2931166,133
804.6161098,134
804.939103,135
805.2620947,136
805.5850879,137
805.908081,138
806.2310742,139
806.5540674,140
806.8770606,141
807.2000538,142
807.523047,143
807.8460402,144
808.1690333,145
808.4920265,146
808.8150197,147
809.1380129,148
809.4610046,149
809.7839978,150
810.106991,151
810.4299841,152
810.7529773,153
811.0759705,154
811.3989637,155
812.1660722,156
812.9331808,157
813.7002893,158
814.4673979,159
815.2345064,160
816.0016148,161
816.7687236,162
817.535832,163
818.3029404,164
819.0700492,165
819.837158,166
820.6042659,167
821.3713748,168
822.1384836,169
822.9055915,170
823.6727003,171
824.4398091,172
825.2069171,173
825.9740259,174
826.7411347,175
827.5082435,176
828.2753523,177
829.0424594,178
829.8095682,179
830.576677,180
831.3437858,181
832.1108946,182
832.8780034,183
833.6451105,184
834.4122193,185
835.1793281,186
835.9464369,187
836.7135457,188
837.4806546,189
838.2477634,190
839.0148704,191
839.7819792,192
840.549088,193
841.3161969,194
842.0833057,195
842.8504145,196
843.6175233,197
844.3846321,198
845.1517409,199
845.9188462,200
846.685955,201
847.4530638,202
848.2201727,203
848.9872815,204
849.7543903,205
850.5214991,206
851.2886079,207
852.0557167,208
852.8228255,209
853.5899343,210
854.3570432,211
855.124152,212
855.8912573,213
856.6583661,214
857.4254749,215
858.1925837,216
858.9596925,217
859.7268013,218
860.4939101,219
861.261019,220
862.0281278,221
862.7952366,222
863.5623454,223
864.3294542,224
865.096563,225
865.8636683,226
866.6307771,227
867.3978859,228
868.1649948,229
868.9321036,230
869.6992124,231
870.4663212,232
870.9104367,233
871.3545521,234
871.7986676,235
872.2427831,236
872.6868986,237
873.131014,238
873.5751296,239
874.019245,240
874.4633603,241
874.907476,242
875.3515916,243
875.7957067,244
876.2398223,245
876.683938,246
877.1280531,247
877.5721687,248
878.0162843,249
878.4603995,250
878.9045151,251
879.3486307,252
879.7927464,253
880.236862,254
880.6809766,255
881.1250922,256
881.5692078,257
882.0133235,258
882.4574391,259
882.9015547,260
883.3456693,261
883.789785,262
884.2339006,263
884.6780162,264
885.1221319,265
885.5662475,266
886.0103631,267
886.4544777,268
886.8985934,269
887.342709,270
887.7868246,271
888.2309402,272
888.6750559,273
889.1191715,274
889.5632871,275
890.0074028,276
890.4515163,277
890.895632,278
891.3397476,279
891.7838632,280
892.2279789,281
892.6720945,282
893.1162101,283
893.5603258,284
894.0044414,285
894.448557,286
894.8926726,287
895.3367883,288
895.7809039,289
896.2250175,290
896.6691331,291
897.1132487,292
897.5573644,293
898.00148,294
898.4455956,295
898.8897113,296
899.3338269,297
899.7779425,298
900.2220581,299
900.6661738,300
901.1102894,301
901.554405,302
901.9985186,303
902.4426343,304
902.8867499,305
903.3308655,306
903.7749811,307
904.2190968,308
904.6632124,309
905.6321916,310
906.6011708,311
907.57015,312
908.5391292,313
909.5081085,314
910.4770875,315
911.4460671,316
912.4150461,317
913.3840251,318
914.3530046,319
915.3219842,320
916.2909626,321
917.2599422,322
918.2289217,323
919.1979002,324
920.1668797,325
921.1358593,326
922.1048377,327
923.0738173,328
924.0427968,329
925.0117764,330
925.9807559,331
926.9497333,332
927.9187128,333
928.8876924,334
929.8566719,335
930.8256515,336
931.794631,337
932.7636084,338
933.7325879,339
934.7015675,340
935.670547,341
936.6395266,342
937.6085061,343
938.5774857,344
939.546463,345
940.5154426,346
941.4844221,347
942.4534017,348
943.4223812,349
944.3913608,350
945.3603403,351
946.3293199,352
947.2982994,353
948.2672746,354
949.2362541,355
950.2052337,356
951.1742132,357
952.1431928,358
953.1121723,359
954.0811519,360
955.0501314,361
956.019111,362
956.9880905,363
957.9570701,364
958.9260497,365
959.8950292,366
960.8640043,367
961.8329839,368
962.8019634,369
963.770943,370
964.7399225,371
965.7089021,372
966.6778816,373
967.6468612,374
968.6158407,375
969.5848203,376
970.5537999,377
971.5227794,378
972.491759,379
973.4607341,380
974.4297136,381
975.3986932,382
976.3676727,383
977.3366523,384
978.3056318,385
979.2746114,386
979.2746114,387
979.2746114,388
979.2746114,389
979.2746114,390
979.2746114,391
979.2746114,392
979.2746114,393
979.2746114,394
979.2746114,395
979.2746114,396
979.2746114,397
979.2746114,398
979.2746114,399
979.2746114,400
979.2746114,401
979.2746114,402
979.2746114,403
979.2746114,404
979.2746114,405
979.2746114,406
979.2746114,407
979.2746114,408
979.2746114,409
979.2746114,410
979.2746114,411
979.2746114,412
979.2746114,413
979.2746114,414
979.2746114,415
979.2746114,416
979.2746114,417
979.2746114,418
979.2746114,419
979.2746114,420
979.2746114,421
979.2746114,422
979.2746114,423
979.2746114,424
979.2746114,425
979.2746114,426
979.2746114,427
979.2746114,428
979.2746114,429
979.2746114,430
979.2746114,431
979.2746114,432
979.2746114,433
979.2746114,434
979.2746114,435
979.2746114,436
979.2746114,437
979.2746114,438
979.2746114,439
979.2746114,440
979.2746114,441
979.2746114,442
979.2746114,443
979.2746114,444
979.2746114,445
979.2746114,446
979.2746114,447
979.2746114,448
979.2746114,449
979.2746114,450
979.2746114,451
979.2746114,452
979.2746114,453
979.2746114,454
979.2746114,455
979.2746114,456
979.2746114,457
979.2746114,458
979.2746114,459
979.2746114,460
979.2746114,461
979.2746114,462
979.2746114,463
978.7901218,464
978.3056322,465
977.8211426,466
977.336653,467
976.8521633,468
976.3676738,469
975.8831841,470
975.3986946,471
974.9142051,472
974.4297153,473
973.9452255,474
973.4607363,475
972.9762465,476
972.4917567,477
972.0072675,478
971.5227777,479
971.038288,480
970.5537987,481
970.069309,482
969.5848192,483
969.1003294,484
968.6158396,485
968.131351,486
967.6468612,487
967.1623714,488
966.6778816,489
966.1933919,490
965.7089021,491
965.2244134,492
964.7399236,493
964.2554339,494
963.7709441,495
963.2864543,496
962.8019645,497
962.3174748,498
961.8329861,499
961.3484963,500
960.8640065,501
960.3795168,502
959.895027,503
959.4105372,504
958.9260474,505
958.4415577,506
957.9570679,507
957.4725803,508
956.9880905,509
956.5036008,510
956.019111,511
955.5346212,512
955.0501314,513
954.5656417,514
954.0811519,515
953.5966621,516
953.1121723,517
952.6276826,518
952.1431928,519
951.658703,520
951.1742154,521
950.6897257,522
950.2052359,523
949.7207461,524
949.2362563,525
948.7517666,526
948.2672768,527
947.782787,528
947.2982972,529
946.8138074,530
946.3293177,531
945.8448279,532
945.3603381,533
944.8758506,534
944.3913608,535
943.906871,536
943.4223812,537
942.9378915,538
942.4534017,539
941.9689119,540
941.5247964,541
941.080681,542
940.6365655,543
940.19245,544
939.7483345,545
939.3042191,546
938.8601035,547
938.4159881,548
937.9718728,549
937.5277571,550
937.0836415,551
936.6395264,552
936.1954108,553
935.7512951,554
935.30718,555
934.8630644,556
934.4189488,557
933.9748336,558
933.530718,559
933.0866024,560
932.6424867,561
932.1983711,562
931.7542565,563
931.3101409,564
930.8660253,565
930.4219096,566
929.977794,567
929.5336784,568
929.0895638,569
928.6454481,570
928.2013325,571
927.7572169,572
927.3131012,573
926.8689856,574
926.42487,575
925.9807554,576
925.5366397,577
925.0925241,578
924.6484085,579
924.2042929,580
923.7601772,581
923.3160616,582
922.871946,583
922.4278303,584
921.9837168,585
921.5396011,586
921.0954855,587
920.6513699,588
920.2072542,589
919.7631386,590
919.319023,591
918.8749073,592
918.4307917,593
917.9866761,594
917.5425605,595
917.0984448,596
916.6543292,597
916.2102156,598
915.7661,599
915.3219844,600
914.8778687,601
914.4337531,602
913.9896375,603
913.5455218,604
913.1014062,605
912.6572906,606
912.213175,607
911.7690593,608
911.3249437,609
910.8808281,610
910.4367145,611
909.9925988,612
909.5484832,613
909.1043676,614
908.660252,615
908.2161363,616
907.7720207,617
907.57015,618
907.3682794,619
907.1664087,620
906.964538,621
906.7626673,622
906.5607967,623
906.358926,624
906.1570554,625
905.9551847,626
905.753314,627
905.5514433,628
905.3495727,629
905.147702,630
904.9458313,631
904.7439608,632
904.54209,633
904.3402193,634
904.1383488,635
903.936478,636
903.7346073,637
903.5327366,638
903.3308658,639
903.1289955,640
902.9271248,641
902.7252541,642
902.5233833,643
902.3215126,644
902.1196418,645
901.9177716,646
901.7159008,647
901.5140301,648
901.3121593,649
901.1102886,650
900.9084179,651
900.7065471,652
900.5046768,653
900.3028061,654
900.1009354,655
899.8990646,656
899.6971939,657
899.4953232,658
899.2934524,659
899.0915817,660
898.8897109,661
898.6878411,662
898.4859704,663
898.2840996,664
898.0822289,665
897.8803582,666
897.6784874,667
897.4766167,668
897.2747459,669
897.0728752,670
896.8710045,671
896.6691337,672
896.467263,673
896.2653922,674
896.0635224,675
895.8616517,676
895.6597809,677
895.4579102,678
895.2560395,679
895.0541687,680
894.852298,681
894.6504273,682
894.4485565,683
894.2466858,684
894.044815,685
893.8429443,686
893.6410736,687
893.4392037,688
893.237333,689
893.0354623,690
892.8335915,691
892.6317208,692
892.42985,693
892.2279793,694
892.6317206,695
893.035462,696
893.4392033,697
893.8429446,698
894.246686,699
894.6504273,700
895.0541687,701
895.45791,702
895.8616512,703
896.2653927,704
896.6691342,705
897.0728752,706
897.4766167,707
897.8803582,708
898.2840992,709
898.6878407,710
899.0915822,711
899.4953232,712
899.8990647,713
900.3028061,714
900.7065476,715
901.1102891,716
901.5140297,717
901.9177711,718
902.3215126,719
902.7252541,720
903.1289956,721
903.5327371,722
903.9364776,723
904.3402191,724
904.7439606,725
905.1477021,726
905.5514435,727
905.955185,728
906.3589265,729
906.762667,730
907.1664085,731
907.57015,732
907.9738915,733
908.377633,734
908.7813745,735
909.1851159,736
909.5888574,737
909.9925989,738
910.3963385,739
910.80008,740
911.2038215,741
911.607563,742
912.0113044,743
912.4150459,744
912.8187874,745
913.2225289,746
913.6262704,747
914.0300118,748
914.4337533,749
914.8374948,750
915.2412363,751
915.6449759,752
916.0487174,753
916.4524589,754
916.8562004,755
917.2599418,756
917.6636833,757
918.0674248,758
918.4711663,759
918.8749078,760
919.2786492,761
919.6823907,762
920.0861322,763
920.4898737,764
920.8936133,765
921.2973548,766
921.7010963,767
922.1048378,768
922.5085792,769
922.9123207,770
923.3160622,771
924.0427966,772
924.769531,773
925.4962654,774
926.2229998,775
926.9497343,776
927.6764685,777
928.4032032,778
929.1299374,779
929.8566717,780
930.5834063,781
931.310141,782
932.0368748,783
932.7636095,784
933.4903442,785
934.217078,786
934.9438127,787
935.6705473,788
936.3972812,789
937.1240158,790
937.8507505,791
938.5774852,792
939.3042198,793
940.0309528,794
940.7576875,795
941.4844222,796
942.2111568,797
942.9378915,798
943.6646262,799
944.3913591,800
945.1180938,801
945.8448285,802
946.5715631,803
947.2982978,804
948.0250325,805
948.7517671,806
949.4785001,807
950.2052348,808
950.9319695,809
951.6587041,810
952.3854388,811
953.1121735,812
953.8389081,813
954.5656428,814
955.2923775,815
956.0191088,816
956.7458435,817
957.4725781,818
958.1993128,819
958.9260474,820
959.6527821,821
960.3795168,822
961.1062514,823
961.8329861,824
962.5597208,825
963.2864554,826
964.0131901,827
964.7399248,828
965.4666561,829
966.1933908,830
966.9201254,831
967.6468601,832
968.3735948,833
969.1003294,834
969.8270641,835
970.5537988,836
971.2805334,837
972.0072681,838
972.7340027,839
973.4607374,840
974.1874721,841
974.9142034,842
975.6409381,843
976.3676727,844
977.0944074,845
977.8211421,846
978.5478767,847
979.2746114,848
979.8398493,849
980.4050871,850
980.970325,851
981.5355629,852
982.1008008,853
982.6660385,854
983.2312766,855
983.7965143,856
984.3617521,857
984.9269901,858
985.4922282,859
986.0574656,860
986.6227037,861
987.1879417,862
987.7531792,863
988.3184172,864
988.8836553,865
989.4488927,866
990.0141308,867
990.5793689,868
991.1446069,869
991.709845,870
992.2750818,871
992.8403198,872
993.4055579,873
993.970796,874
994.536034,875
995.1012721,876
995.6665089,877
996.2317469,878
996.796985,879
997.3622231,880
997.9274611,881
998.4926992,882
999.0579373,883
999.623174,884
1000.188412,885
1000.75365,886
1001.318888,887
1001.884126,888
1002.449364,889
1003.014602,890
1003.579841,891
1004.145079,892
1004.710314,893
1005.275552,894
1005.84079,895
1006.406028,896
1006.971266,897
1007.536504,898
1008.101742,899
1008.666981,900
1009.232219,901
1009.797457,902
1010.362695,903
1010.927933,904
1011.493171,905
1012.058406,906
1012.623644,907
1013.188882,908
1013.754121,909
1014.319359,910
1014.884597,911
1015.449835,912
1016.015073,913
1016.580311,914
1017.145549,915
1017.710787,916
1018.276025,917
1018.841263,918
1019.406499,919
1019.971737,920
1020.536975,921
1021.102213,922
1021.667451,923
1022.232689,924
1022.797927,925
1022.394186,926
1021.990444,927
1021.586703,928
1021.182962,929
1020.77922,930
1020.375479,931
1019.971738,932
1019.567996,933
1019.164255,934
1018.760514,935
1018.356772,936
1017.953031,937
1017.54929,938
1017.145548,939
1016.741807,940
1016.338066,941
1015.934324,942
1015.530583,943
1015.126842,944
1014.7231,945
1014.319359,946
1013.915617,947
1013.511877,948
1013.108135,949
1012.704394,950
1012.300652,951
1011.896911,952
1011.493169,953
1011.089429,954
1010.685687,955
1010.281946,956
1009.878204,957
1009.474463,958
1009.070722,959
1008.66698,960
1008.263239,961
1007.859498,962
1007.455757,963
1007.052015,964
1006.648274,965
1006.244532,966
1005.840791,967
1005.437049,968
1005.033308,969
1004.629568,970
1004.225827,971
1003.822085,972
1003.418344,973
1003.014602,974
1002.610861,975
1002.207119,976
1001.803378,977
1001.399636,978
1000.995895,979
1000.592153,980
1000.188412,981
999.7846704,982
999.3809308,983
998.9771893,984
998.5734478,985
998.1697063,986
997.7659649,987
997.3622234,988
996.9584819,989
996.5547404,990
996.150999,991
995.7472575,992
995.343516,993
994.9397745,994
994.5360331,995
994.1322934,996
993.728552,997
993.3248105,998
992.921069,999
992.5173275,1000
992.1135861,1001
991.7098446,1002
991.4272257,1003
991.1446067,1004
990.8619878,1005
990.5793689,1006
990.2967499,1007
990.014131,1008
989.731512,1009
989.4488931,1010
989.1662742,1011
988.8836552,1012
988.6010362,1013
988.3184174,1014
988.0357984,1015
987.7531794,1016
987.4705607,1017
987.1879416,1018
986.9053226,1019
986.6227039,1020
986.3400848,1021
986.0574658,1022
985.7748468,1023
985.4922277,1024
985.2096093,1025
984.9269903,1026
984.6443713,1027
984.3617522,1028
984.0791332,1029
983.7965141,1030
983.5138958,1031
983.2312767,1032
982.9486577,1033
982.6660386,1034
982.3834196,1035
982.1008006,1036
981.8181815,1037
981.5355631,1038
981.2529441,1039
980.9703251,1040
980.687706,1041
980.405087,1042
980.122468,1043
979.8398489,1044
979.5572299,1045
979.2746108,1046
978.9919931,1047
978.7093741,1048
978.426755,1049
978.144136,1050
977.861517,1051
977.5788979,1052
977.2962789,1053
977.0136598,1054
976.7310408,1055
976.4484218,1056
976.1658027,1057
975.8831837,1058
975.6005647,1059
975.3179469,1060
975.0353279,1061
974.7527088,1062
974.4700898,1063
974.1874708,1064
973.9048517,1065
973.6222327,1066
973.3396137,1067
973.0569946,1068
972.7743756,1069
972.4917565,1070
972.2091375,1071
971.9265185,1072
971.6439007,1073
971.3612817,1074
971.0786626,1075
970.7960436,1076
970.5134246,1077
970.2308055,1078
969.9481865,1079
970.2308054,1080
970.5134244,1081
970.7960433,1082
971.0786622,1083
971.3612812,1084
971.6439001,1085
971.9265191,1086
972.209138,1087
972.4917569,1088
972.7743759,1089
973.0569949,1090
973.3396137,1091
973.6222327,1092
973.9048517,1093
974.1874704,1094
974.4700895,1095
974.7527085,1096
975.0353272,1097
975.3179463,1098
975.6005653,1099
975.8831843,1100
976.1658034,1101
976.4484218,1102
976.7310408,1103
977.0136598,1104
977.2962789,1105
977.5788979,1106
977.861517,1107
978.1441353,1108
978.4267544,1109
978.7093734,1110
978.9919925,1111
979.2746115,1112
979.5572305,1113
979.8398496,1114
980.122468,1115
980.405087,1116
980.687706,1117
980.9703251,1118
981.2529441,1119
981.5355631,1120
981.8181822,1121
982.1008012,1122
982.3834203,1123
982.666038,1124
982.948657,1125
983.2312761,1126
983.5138951,1127
983.7965141,1128
984.0791332,1129
984.3617522,1130
984.6443713,1131
984.9269903,1132
985.2096093,1133
985.4922284,1134
985.7748474,1135
986.0574664,1136
986.3400842,1137
986.6227032,1138
986.9053223,1139
987.1879413,1140
987.4705603,1141
987.7531794,1142
988.0357984,1143
988.3184174,1144
988.6010365,1145
988.8836555,1146
989.1662746,1147
989.4488936,1148
989.7315126,1149
990.0141304,1150
990.2967494,1151
990.5793685,1152
990.8619875,1153
991.1446065,1154
991.4272256,1155
991.7098446,1156
991.5887222,1157
991.4675998,1158
991.3464774,1159
991.225355,1160
991.1042326,1161
990.9831102,1162
990.8619878,1163
990.7408654,1164
990.619743,1165
990.4986206,1166
990.3774981,1167
990.2563758,1168
990.1352534,1169
990.0141309,1170
989.8930086,1171
989.7718862,1172
989.6507637,1173
989.5296414,1174
989.408519,1175
989.2873965,1176
989.1662741,1177
989.0451517,1178
988.9240295,1179
988.802907,1180
988.6817846,1181
988.5606622,1182
988.4395397,1183
988.3184173,1184
988.1972951,1185
988.0761727,1186
987.9550502,1187
987.8339278,1188
987.7128053,1189
987.5916829,1190
987.4705604,1191
987.3494383,1192
987.2283158,1193
987.1071934,1194
986.9860709,1195
986.8649485,1196
986.743826,1197
986.6227036,1198
986.5015811,1199
986.3804587,1200
986.2593368,1201
986.1382144,1202
986.0170919,1203
985.8959695,1204
985.774847,1205
985.6537246,1206
985.5326021,1207
985.4114797,1208
985.2903573,1209
985.1692348,1210
985.0481124,1211
984.9269899,1212
984.8058675,1213
984.6847456,1214
984.5636231,1215
984.4425007,1216
984.3213783,1217
984.2002558,1218
984.0791334,1219
983.9580109,1220
983.8368885,1221
983.715766,1222
983.5946436,1223
983.4735211,1224
983.3523987,1225
983.2312763,1226
983.1101544,1227
982.9890319,1228
982.8679095,1229
982.746787,1230
982.6256646,1231
982.5045421,1232
982.3834197,1233
983.0294058,1234
983.675392,1235
984.3213781,1236
984.9673642,1237
985.6133504,1238
986.2593364,1239
986.9053228,1240
987.5513088,1241
988.1972948,1242
988.8432811,1243
989.4892675,1244
990.1352531,1245
990.7812395,1246
991.4272258,1247
992.0732115,1248
992.7191978,1249
993.3651842,1250
994.0111698,1251
994.6571562,1252
995.3031425,1253
995.9491289,1254
996.5951153,1255
997.2411002,1256
997.8870865,1257
998.5330729,1258
999.1790593,1259
999.8250456,1260
1000.471032,1261
1001.117017,1262
1001.763003,1263
1002.40899,1264
1003.054976,1265
1003.700962,1266
1004.346949,1267
1004.992935,1268
1005.63892,1269
1006.284906,1270
1006.930893,1271
1007.576879,1272
1008.222865,1273
1008.868852,1274
1009.514838,1275
1010.160824,1276
1010.806811,1277
1011.452794,1278
1012.098781,1279
1012.744767,1280
1013.390753,1281
1014.03674,1282
1014.682726,1283
1015.328712,1284
1015.974699,1285
1016.620685,1286
1017.266672,1287
1017.912658,1288
1018.558644,1289
1019.204631,1290
1019.850614,1291
1020.4966,1292
1021.142587,1293
1021.788573,1294
1022.434559,1295
1023.080546,1296
1023.726532,1297
1024.372519,1298
1025.018505,1299
1025.664491,1300
1026.310478,1301
1026.956464,1302
1027.60245,1303
1028.248434,1304
1028.89442,1305
1029.540407,1306
1030.186393,1307
1030.832379,1308
1031.478366,1309
1032.124352,1310
1032.164726,1311
1032.2051,1312
1032.245474,1313
1032.285849,1314
1032.326223,1315
1032.366597,1316
1032.406971,1317
1032.447345,1318
1032.487719,1319
1032.528093,1320
1032.568468,1321
1032.608842,1322
1032.649216,1323
1032.68959,1324
1032.729964,1325
1032.770338,1326
1032.810712,1327
1032.851087,1328
1032.891461,1329
1032.931835,1330
1032.972209,1331
1033.012583,1332
1033.052957,1333
1033.093331,1334
1033.133706,1335
1033.17408,1336
1033.214454,1337
1033.254828,1338
1033.295202,1339
1033.335576,1340
1033.37595,1341
1033.416325,1342
1033.456699,1343
1033.497073,1344
1033.537447,1345
1033.577821,1346
1033.618195,1347
1033.658569,1348
1033.698944,1349
1033.739318,1350
1033.779692,1351
1033.820066,1352
1033.86044,1353
1033.900814,1354
1033.941188,1355
1033.981562,1356
1034.021937,1357
1034.062311,1358
1034.102685,1359
1034.143059,1360
1034.183433,1361
1034.223807,1362
1034.264182,1363
1034.304556,1364
1034.34493,1365
1034.385304,1366
1034.425678,1367
1034.466052,1368
1034.506426,1369
1034.546801,1370
1034.587175,1371
1034.627549,1372
1034.667923,1373
1034.708297,1374
1034.748671,1375
1034.789045,1376
1034.82942,1377
1034.869794,1378
1034.910168,1379
1034.950542,1380
1034.990916,1381
1035.03129,1382
1035.071664,1383
1035.112039,1384
1035.152413,1385
1035.192787,1386
1035.233161,1387
1035.51578,1388
1035.798399,1389
1036.081018,1390
1036.363637,1391
1036.646256,1392
1036.928875,1393
1037.211494,1394
1037.494112,1395
1037.776731,1396
1038.05935,1397
1038.341969,1398
1038.624588,1399
1038.907207,1400
1039.189826,1401
1039.472445,1402
1039.755064,1403
1040.037683,1404
1040.320302,1405
1040.602921,1406
1040.88554,1407
1041.168159,1408
1041.450778,1409
1041.733396,1410
1042.016015,1411
1042.298634,1412
1042.581253,1413
1042.863872,1414
1043.146491,1415
1043.42911,1416
1043.711729,1417
1043.994348,1418
1044.276967,1419
1044.559586,1420
1044.842205,1421
1045.124824,1422
1045.407442,1423
1045.690061,1424
1045.97268,1425
1046.2553,1426
1046.537919,1427
1046.820538,1428
1047.103157,1429
1047.385776,1430
1047.668395,1431
1047.951012,1432
1048.233631,1433
1048.516251,1434
1048.79887,1435
1049.081489,1436
1049.364108,1437
1049.646727,1438
1049.929346,1439
1050.211965,1440
1050.494584,1441
1050.777203,1442
1051.059822,1443
1051.342441,1444
1051.625059,1445
1051.907678,1446
1052.190297,1447
1052.472916,1448
1052.755535,1449
1053.038154,1450
1053.320773,1451
1053.603392,1452
1053.886011,1453
1054.16863,1454
1054.451249,1455
1054.733868,1456
1055.016487,1457
1055.299105,1458
1055.581724,1459
1055.864343,1460
1056.146962,1461
1056.429581,1462
1056.7122,1463
1056.994819,1464
1056.550704,1465
1056.106588,1466
1055.662473,1467
1055.218357,1468
1054.774242,1469
1054.330126,1470
1053.886011,1471
1053.441895,1472
1052.99778,1473
1052.553664,1474
1052.109548,1475
1051.665433,1476
1051.221318,1477
1050.777202,1478
1050.333087,1479
1049.888971,1480
1049.444856,1481
1049.000741,1482
1048.556625,1483
1048.112509,1484
1047.668394,1485
1047.224278,1486
1046.780163,1487
1046.336048,1488
1045.891932,1489
1045.447816,1490
1045.003701,1491
1044.559585,1492
1044.115471,1493
1043.671355,1494
1043.227239,1495
1042.783124,1496
1042.339008,1497
1041.894892,1498
1041.450777,1499
1041.006662,1500
1040.562546,1501
1040.118431,1502
1039.674315,1503
1039.2302,1504
1038.786084,1505
1038.341968,1506
1037.897853,1507
1037.453737,1508
1037.009623,1509
1036.565508,1510
1036.121392,1511
1035.677276,1512
1035.233161,1513
1034.789045,1514
1034.34493,1515
1033.900814,1516
1033.456698,1517
1033.012583,1518
1032.568467,1519
1032.124351,1520
1031.680236,1521
1031.236122,1522
1030.792006,1523
1030.347891,1524
1029.903775,1525
1029.45966,1526
1029.015544,1527
1028.571428,1528
1028.127313,1529
1027.683197,1530
1027.239081,1531
1026.794966,1532
1026.35085,1533
1025.906734,1534
1025.462621,1535
1025.018505,1536
1024.57439,1537
1024.130274,1538
1023.686158,1539
1023.242043,1540
1022.797927,1541
1023.080546,1542
1023.363165,1543
1023.645784,1544
1023.928403,1545
1024.211022,1546
1024.493641,1547
1024.77626,1548
1025.058878,1549
1025.341497,1550
1025.624116,1551
1025.906735,1552
1026.189354,1553
1026.471973,1554
1026.754592,1555
1027.037211,1556
1027.31983,1557
1027.602449,1558
1027.885068,1559
1028.167687,1560
1028.450306,1561
1028.732925,1562
1029.015544,1563
1029.298162,1564
1029.580781,1565
1029.8634,1566
1030.146019,1567
1030.428638,1568
1030.711257,1569
1030.993876,1570
1031.276495,1571
1031.559114,1572
1031.841733,1573
1032.124352,1574
1032.406971,1575
1032.68959,1576
1032.972208,1577
1033.254827,1578
1033.537446,1579
1033.820066,1580
1034.102685,1581
1034.385304,1582
1034.667923,1583
1034.950542,1584
1035.233161,1585
1035.515778,1586
1035.798397,1587
1036.081017,1588
1036.363636,1589
1036.646255,1590
1036.928874,1591
1037.211493,1592
1037.494112,1593
1037.776731,1594
1038.05935,1595
1038.341969,1596
1038.624588,1597
1038.907207,1598
1039.189825,1599
1039.472444,1600
1039.755063,1601
1040.037682,1602
1040.320301,1603
1040.60292,1604
1040.885539,1605
1041.168158,1606
1041.450777,1607
1041.733396,1608
1042.016015,1609
1042.298634,1610
1042.581253,1611
1042.863871,1612
1043.14649,1613
1043.429109,1614
1043.711728,1615
1043.994347,1616
1044.276966,1617
1044.559585,1618
1045.891931,1619
1047.224278,1620
1048.556624,1621
1049.888971,1622
1051.221317,1623
1052.553663,1624
1053.88601,1625
1055.218356,1626
1056.550702,1627
1057.883049,1628
1059.215396,1629
1060.547742,1630
1061.880088,1631
1063.212435,1632
1064.544781,1633
1065.877128,1634
1067.209475,1635
1068.54182,1636
1069.874167,1637
1071.206514,1638
1072.538861,1639
1073.871207,1640
1075.203551,1641
1076.535898,1642
1077.868245,1643
1079.200592,1644
1080.532939,1645
1081.865286,1646
1083.19763,1647
1084.529976,1648
1085.862323,1649
1087.19467,1650
1088.527017,1651
1089.859364,1652
1091.191711,1653
1092.524055,1654
1093.856402,1655
1095.188749,1656
1096.521095,1657
1097.853442,1658
1099.185789,1659
1100.518136,1660
1101.850483,1661
1103.18283,1662
1104.515171,1663
1105.847518,1664
1107.179864,1665
1108.512211,1666
1109.844558,1667
1111.176905,1668
1112.509252,1669
1113.841599,1670
1115.173946,1671
1116.506293,1672
1117.83864,1673
1119.170986,1674
1120.503333,1675
1121.835674,1676
1123.168021,1677
1124.500368,1678
1125.832715,1679
1127.165062,1680
1128.497409,1681
1129.829756,1682
1131.162102,1683
1132.494449,1684
1133.826796,1685
1135.159143,1686
1136.49149,1687
1137.823837,1688
1139.156178,1689
1140.488525,1690
1141.820871,1691
1143.153218,1692
1144.485565,1693
1145.817912,1694
1147.150259,1695
1146.100532,1696
1145.050804,1697
1144.001077,1698
1142.951349,1699
1141.901622,1700
1140.851894,1701
1139.802167,1702
1138.752439,1703
1137.702712,1704
1136.652984,1705
1135.603256,1706
1134.55353,1707
1133.503802,1708
1132.454074,1709
1131.404347,1710
1130.35462,1711
1129.304892,1712
1128.255165,1713
1127.205437,1714
1126.155709,1715
1125.105982,1716
1124.056254,1717
1123.006528,1718
1121.9568,1719
1120.907073,1720
1119.857345,1721
1118.807617,1722
1117.757889,1723
1116.708164,1724
1115.658436,1725
1114.608708,1726
1113.55898,1727
1112.509252,1728
1111.459524,1729
1110.409797,1730
1109.360071,1731
1108.310343,1732
1107.260615,1733
1106.210888,1734
1105.16116,1735
1104.111432,1736
1103.061704,1737
1102.011976,1738
1100.962248,1739
1099.912525,1740
1098.862797,1741
1097.81307,1742
1096.763342,1743
1095.713614,1744
1094.663886,1745
1093.614158,1746
1092.56443,1747
1091.514703,1748
1090.464975,1749
1089.415247,1750
1088.365519,1751
1087.315791,1752
1086.266068,1753
1085.21634,1754
1084.166613,1755
1083.116885,1756
1082.067157,1757
1081.017429,1758
1079.967701,1759
1078.917973,1760
1077.868245,1761
1076.818518,1762
1075.76879,1763
1074.719062,1764
1073.669334,1765
1072.619611,1766
1071.569883,1767
1070.520155,1768
1069.470428,1769
1068.4207,1770
1067.370972,1771
1066.321244,1772
1066.563489,1773
1066.805734,1774
1067.047978,1775
1067.290223,1776
1067.532468,1777
1067.774713,1778
1068.016958,1779
1068.259202,1780
1068.501447,1781
1068.743692,1782
1068.985937,1783
1069.228181,1784
1069.470426,1785
1069.712671,1786
1069.954916,1787
1070.197161,1788
1070.439406,1789
1070.68165,1790
1070.923895,1791
1071.16614,1792
1071.408385,1793
1071.65063,1794
1071.892874,1795
1072.135119,1796
1072.377364,1797
1072.619609,1798
1072.861854,1799
1073.104098,1800
1073.346343,1801
1073.588588,1802
1073.830832,1803
1074.073077,1804
1074.315322,1805
1074.557567,1806
1074.799812,1807
1075.042056,1808
1075.284301,1809
1075.526546,1810
1075.768791,1811
1076.011036,1812
1076.253281,1813
1076.495526,1814
1076.73777,1815
1076.980015,1816
1077.222259,1817
1077.464504,1818
1077.706749,1819
1077.948994,1820
1078.191239,1821
1078.433483,1822
1078.675728,1823
1078.917973,1824
1079.160218,1825
1079.402463,1826
1079.644708,1827
1079.886953,1828
1080.129198,1829
1080.371441,1830
1080.613686,1831
1080.855931,1832
1081.098176,1833
1081.340421,1834
1081.582666,1835
1081.824911,1836
1082.067156,1837
1082.3094,1838
1082.551645,1839
1082.79389,1840
1083.036135,1841
1083.27838,1842
1083.520624,1843
1083.762869,1844
1084.005113,1845
1084.247358,1846
1084.489603,1847
1084.731848,1848
1084.974093,1849
1085.458583,1850
1085.943072,1851
1086.427562,1852
1086.912051,1853
1087.396541,1854
1087.881031,1855
1088.36552,1856
1088.85001,1857
1089.334499,1858
1089.818989,1859
1090.303479,1860
1090.787968,1861
1091.272458,1862
1091.756948,1863
1092.241437,1864
1092.725927,1865
1093.210417,1866
1093.694906,1867
1094.179396,1868
1094.663885,1869
1095.148375,1870
1095.632865,1871
1096.117354,1872
1096.601843,1873
1097.086333,1874
1097.570823,1875
1098.055313,1876
1098.539802,1877
1099.024291,1878
1099.508781,1879
1099.993271,1880
1100.477761,1881
1100.96225,1882
1101.44674,1883
1101.93123,1884
1102.415719,1885
1102.900208,1886
1103.384698,1887
1103.869188,1888
1104.353678,1889
1104.838167,1890
1105.322657,1891
1105.807147,1892
1106.291637,1893
1106.776124,1894
1107.260614,1895
1107.745104,1896
1108.229594,1897
1108.714084,1898
1109.198573,1899
1109.683063,1900
1110.167553,1901
1110.652043,1902
1111.136532,1903
1111.621022,1904
1112.105512,1905
1112.590002,1906
1113.074489,1907
1113.558979,1908
1114.043469,1909
1114.527959,1910
1115.012448,1911
1115.496938,1912
1115.981428,1913
1116.465918,1914
1116.950408,1915
1117.434897,1916
1117.919387,1917
1118.403877,1918
1118.888367,1919
1119.372854,1920
1119.857344,1921
1120.341834,1922
1120.826324,1923
1121.310813,1924
1121.795303,1925
1122.279793,1926
1122.279793,1927
1122.279793,1928
1122.279793,1929
1122.279793,1930
1122.279793,1931
1122.279793,1932
1122.279793,1933
1122.279793,1934
1122.279793,1935
1122.279793,1936
1122.279793,1937
1122.279793,1938
1122.279793,1939
1122.279793,1940
1122.279793,1941
1122.279793,1942
1122.279793,1943
1122.279793,1944
1122.279793,1945
1122.279793,1946
1122.279793,1947
1122.279793,1948
1122.279793,1949
1122.279793,1950
1122.279793,1951
1122.279793,1952
1122.279793,1953
1122.279793,1954
1122.279793,1955
1122.279793,1956
1122.279793,1957
1122.279793,1958
1122.279793,1959
1122.279793,1960
1122.279793,1961
1122.279793,1962
1122.279793,1963
1122.279793,1964
1122.279793,1965
1122.279793,1966
1122.279793,1967
1122.279793,1968
1122.279793,1969
1122.279793,1970
1122.279793,1971
1122.279793,1972
1122.279793,1973
1122.279793,1974
1122.279793,1975
1122.279793,1976
1122.279793,1977
1122.279793,1978
1122.279793,1979
1122.279793,1980
1122.279793,1981
1122.279793,1982
1122.279793,1983
1122.279793,1984
1122.279793,1985
1122.279793,1986
1122.279793,1987
1122.279793,1988
1122.279793,1989
1122.279793,1990
1122.279793,1991
1122.279793,1992
1122.279793,1993
1122.279793,1994
1122.279793,1995
1122.279793,1996
1122.279793,1997
1122.279793,1998
1122.279793,1999
1122.279793,2000
1122.279793,2001
1122.279793,2002
1122.279793,2003
1122.602786,2004
1122.925779,2005
1123.248772,2006
1123.571765,2007
1123.894758,2008
1124.217751,2009
1124.540745,2010
1124.863738,2011
1125.186731,2012
1125.509724,2013
1125.832717,2014
1126.15571,2015
1126.478703,2016
1126.801696,2017
1127.124689,2018
1127.447682,2019
1127.770675,2020
1128.093668,2021
1128.416661,2022
1128.739654,2023
1129.062648,2024
1129.385641,2025
1129.708633,2026
1130.031626,2027
1130.35462,2028
1130.677613,2029
1131.000606,2030
1131.323599,2031
1131.646592,2032
1131.969585,2033
1132.292578,2034
1132.615571,2035
1132.938564,2036
1133.261557,2037
1133.584551,2038
1133.907543,2039
1134.230536,2040
1134.553529,2041
1134.876523,2042
1135.199516,2043
1135.522509,2044
1135.845502,2045
1136.168495,2046
1136.491488,2047
1136.81448,2048
1137.137473,2049
1137.460467,2050
1137.78346,2051
1138.106453,2052
1138.429446,2053
1138.752439,2054
1139.075432,2055
1139.398426,2056
1139.721419,2057
1140.044412,2058
1140.367405,2059
1140.690398,2060
1141.01339,2061
1141.336383,2062
1141.659376,2063
1141.98237,2064
1142.305363,2065
1142.628356,2066
1142.951349,2067
1143.274342,2068
1143.597335,2069
1143.920329,2070
1144.243322,2071
1144.566315,2072
1144.889308,2073
1145.2123,2074
1145.535293,2075
1145.858286,2076
1146.181279,2077
1146.504273,2078
1146.827266,2079
1147.150259,2080
1147.594374,2081
1148.03849,2082
1148.482605,2083
1148.926721,2084
1149.370836,2085
1149.814952,2086
1150.259067,2087
1150.703183,2088
1151.147298,2089
1151.591414,2090
1152.035529,2091
1152.479644,2092
1152.92376,2093
1153.367876,2094
1153.811991,2095
1154.256106,2096
1154.700222,2097
1155.144337,2098
1155.588453,2099
1156.032568,2100
1156.476684,2101
1156.9208,2102
1157.364914,2103
1157.80903,2104
1158.253146,2105
1158.697261,2106
1159.141377,2107
1159.585492,2108
1160.029607,2109
1160.473723,2110
1160.917838,2111
1161.361954,2112
1161.80607,2113
1162.250185,2114
1162.694301,2115
1163.138415,2116
1163.582531,2117
1164.026647,2118
1164.470762,2119
1164.914878,2120
1165.358994,2121
1165.803109,2122
1166.247225,2123
1166.69134,2124
1167.135454,2125
1167.57957,2126
1168.023685,2127
1168.467801,2128
1168.911917,2129
1169.356032,2130
1169.800148,2131
1170.244263,2132
1170.688379,2133
1171.132495,2134
1171.57661,2135
1172.020726,2136
1172.464842,2137
1172.908955,2138
1173.353071,2139
1173.797186,2140
1174.241302,2141
1174.685418,2142
1175.129533,2143
1175.573649,2144
1176.017765,2145
1176.46188,2146
1176.905996,2147
1177.350111,2148
1177.794227,2149
1178.238343,2150
1178.682456,2151
1179.126572,2152
1179.570687,2153
1180.014803,2154
1180.458919,2155
1180.903034,2156
1181.34715,2157
1181.508647,2158
1181.670143,2159
1181.83164,2160
1181.993136,2161
1182.154633,2162
1182.316129,2163
1182.477626,2164
1182.639122,2165
1182.800619,2166
1182.962115,2167
1183.123612,2168
1183.285108,2169
1183.446605,2170
1183.608102,2171
1183.769598,2172
1183.931095,2173
1184.092591,2174
1184.254088,2175
1184.415584,2176
1184.577081,2177
1184.738577,2178
1184.900074,2179
1185.06157,2180
1185.223067,2181
1185.384563,2182
1185.54606,2183
1185.707556,2184
1185.869053,2185
1186.030549,2186
1186.192046,2187
1186.353542,2188
1186.515039,2189
1186.676536,2190
1186.838032,2191
1186.999529,2192
1187.161025,2193
1187.322522,2194
1187.484018,2195
1187.645515,2196
1187.807011,2197
1187.968508,2198
1188.130005,2199
1188.291501,2200
1188.452998,2201
1188.614494,2202
1188.77599,2203
1188.937487,2204
1189.098983,2205
1189.26048,2206
1189.421977,2207
1189.583473,2208
1189.74497,2209
1189.906466,2210
1190.067963,2211
1190.229459,2212
1190.390956,2213
1190.552453,2214
1190.713949,2215
1190.875445,2216
1191.036942,2217
1191.198438,2218
1191.359935,2219
1191.521431,2220
1191.682928,2221
1191.844425,2222
1192.005921,2223
1192.167418,2224
1192.328914,2225
1192.490411,2226
1192.651908,2227
1192.813403,2228
1192.9749,2229
1193.136397,2230
1193.297893,2231
1193.45939,2232
1193.620886,2233
1193.782383,2234
1193.661261,2235
1193.540138,2236
1193.419016,2237
1193.297893,2238
1193.176771,2239
1193.055649,2240
1192.934526,2241
1192.813404,2242
1192.692282,2243
1192.571159,2244
1192.450037,2245
1192.328914,2246
1192.207792,2247
1192.086669,2248
1191.965547,2249
1191.844425,2250
1191.723302,2251
1191.60218,2252
1191.481058,2253
1191.359935,2254
1191.238813,2255
1191.11769,2256
1190.996568,2257
1190.875446,2258
1190.754323,2259
1190.633201,2260
1190.512078,2261
1190.390956,2262
1190.269834,2263
1190.148711,2264
1190.027589,2265
1189.906467,2266
1189.785344,2267
1189.664222,2268
1189.543099,2269
1189.421977,2270
1189.300855,2271
1189.179732,2272
1189.05861,2273
1188.937487,2274
1188.816365,2275
1188.695242,2276
1188.57412,2277
1188.452998,2278
1188.331876,2279
1188.210753,2280
1188.089631,2281
1187.968508,2282
1187.847386,2283
1187.726264,2284
1187.605141,2285
1187.484019,2286
1187.362896,2287
1187.241774,2288
1187.120651,2289
1186.999529,2290
1186.878407,2291
1186.757285,2292
1186.636162,2293
1186.51504,2294
1186.393917,2295
1186.272795,2296
1186.151673,2297
1186.03055,2298
1185.909428,2299
1185.788305,2300
1185.667183,2301
1185.54606,2302
1185.424938,2303
1185.303815,2304
1185.182694,2305
1185.061571,2306
1184.940449,2307
1184.819326,2308
1184.698204,2309
1184.577081,2310
1184.455959,2311
1185.182693,2312
1185.909428,2313
1186.636162,2314
1187.362897,2315
1188.089631,2316
1188.816365,2317
1189.5431,2318
1190.269834,2319
1190.996568,2320
1191.723303,2321
1192.450038,2322
1193.176772,2323
1193.903506,2324
1194.630241,2325
1195.356975,2326
1196.083709,2327
1196.810444,2328
1197.537178,2329
1198.263913,2330
1198.990647,2331
1199.717382,2332
1200.444117,2333
1201.17085,2334
1201.897584,2335
1202.624319,2336
1203.351054,2337
1204.077788,2338
1204.804523,2339
1205.531256,2340
1206.257991,2341
1206.984725,2342
1207.71146,2343
1208.438195,2344
1209.164929,2345
1209.891664,2346
1210.618397,2347
1211.345132,2348
1212.071866,2349
1212.798601,2350
1213.525335,2351
1214.25207,2352
1214.978805,2353
1215.705539,2354
1216.432274,2355
1217.159005,2356
1217.88574,2357
1218.612475,2358
1219.339209,2359
1220.065944,2360
1220.792679,2361
1221.519413,2362
1222.246148,2363
1222.972883,2364
1223.699617,2365
1224.426352,2366
1225.153087,2367
1225.879821,2368
1226.606553,2369
1227.333287,2370
1228.060022,2371
1228.786757,2372
1229.513491,2373
1230.240226,2374
1230.966961,2375
1231.693695,2376
1232.42043,2377
1233.147165,2378
1233.873899,2379
1234.600634,2380
1235.327369,2381
1236.0541,2382
1236.780835,2383
1237.507569,2384
1238.234304,2385
1238.961039,2386
1239.687773,2387
1240.414508,2388
1240.616379,2389
1240.818249,2390
1241.02012,2391
1241.221991,2392
1241.423861,2393
1241.625732,2394
1241.827603,2395
1242.029473,2396
1242.231344,2397
1242.433215,2398
1242.635085,2399
1242.836956,2400
1243.038827,2401
1243.240697,2402
1243.442568,2403
1243.644439,2404
1243.846309,2405
1244.04818,2406
1244.250051,2407
1244.451921,2408
1244.653792,2409
1244.855663,2410
1245.057533,2411
1245.259404,2412
1245.461275,2413
1245.663145,2414
1245.865016,2415
1246.066887,2416
1246.268757,2417
1246.470628,2418
1246.672498,2419
1246.874369,2420
1247.07624,2421
1247.278111,2422
1247.479981,2423
1247.681852,2424
1247.883722,2425
1248.085593,2426
1248.287464,2427
1248.489335,2428
1248.691205,2429
1248.893076,2430
1249.094947,2431
1249.296818,2432
1249.498687,2433
1249.700558,2434
1249.902429,2435
1250.1043,2436
1250.30617,2437
1250.508041,2438
1250.709912,2439
1250.911782,2440
1251.113653,2441
1251.315524,2442
1251.517395,2443
1251.719265,2444
1251.921136,2445
1252.123006,2446
1252.324877,2447
1252.526747,2448
1252.728618,2449
1252.930489,2450
1253.13236,2451
1253.33423,2452
1253.536101,2453
1253.737972,2454
1253.939843,2455
1254.141713,2456
1254.343584,2457
1254.545455,2458
1254.747325,2459
1254.949195,2460
1255.151066,2461
1255.352937,2462
1255.554808,2463
1255.756678,2464
1255.958549,2465
1257.573514,2466
1259.18848,2467
1260.803445,2468
1262.41841,2469
1264.033376,2470
1265.648341,2471
1267.263307,2472
1268.878272,2473
1270.493237,2474
1272.108203,2475
1273.723169,2476
1275.338133,2477
1276.953099,2478
1278.568065,2479
1280.183029,2480
1281.797995,2481
1283.412961,2482
1285.027925,2483
1286.642891,2484
1288.257856,2485
1289.872822,2486
1291.487788,2487
1293.102751,2488
1294.717716,2489
1296.332682,2490
1297.947648,2491
1299.562614,2492
1301.17758,2493
1302.792542,2494
1304.407508,2495
1306.022474,2496
1307.63744,2497
1309.252406,2498
1310.867372,2499
1312.482338,2500
1314.0973,2501
1315.712266,2502
1317.327232,2503
1318.942198,2504
1320.557164,2505
1322.17213,2506
1323.787096,2507
1325.402062,2508
1327.017028,2509
1328.631986,2510
1330.246952,2511
1331.861918,2512
1333.476884,2513
1335.09185,2514
1336.706816,2515
1338.321782,2516
1339.936748,2517
1341.551714,2518
1343.166679,2519
1344.781645,2520
1346.396611,2521
1348.011577,2522
1349.626536,2523
1351.241502,2524
1352.856468,2525
1354.471434,2526
1356.086399,2527
1357.701365,2528
1359.316331,2529
1360.931297,2530
1362.546263,2531
1364.161229,2532
1365.776195,2533
1367.391161,2534
1369.006127,2535
1370.621085,2536
1372.236051,2537
1373.851017,2538
1375.465983,2539
1377.080949,2540
1378.695915,2541
1380.310881,2542
1379.987888,2543
1379.664895,2544
1379.341902,2545
1379.018909,2546
1378.695916,2547
1378.372923,2548
1378.049929,2549
1377.726936,2550
1377.403943,2551
1377.08095,2552
1376.757957,2553
1376.434964,2554
1376.111971,2555
1375.788978,2556
1375.465985,2557
1375.142992,2558
1374.819999,2559
1374.497006,2560
1374.174013,2561
1373.85102,2562
1373.528026,2563
1373.205033,2564
1372.882041,2565
1372.559048,2566
1372.236054,2567
1371.913061,2568
1371.590068,2569
1371.267075,2570
1370.944082,2571
1370.621089,2572
1370.298096,2573
1369.975103,2574
1369.65211,2575
1369.329117,2576
1369.006123,2577
1368.683131,2578
1368.360138,2579
1368.037145,2580
1367.714151,2581
1367.391158,2582
1367.068165,2583
1366.745172,2584
1366.422179,2585
1366.099186,2586
1365.776194,2587
1365.453201,2588
1365.130207,2589
1364.807214,2590
1364.484221,2591
1364.161228,2592
1363.838235,2593
1363.515242,2594
1363.192248,2595
1362.869255,2596
1362.546262,2597
1362.223269,2598
1361.900276,2599
1361.577284,2600
1361.254291,2601
1360.931298,2602
1360.608304,2603
1360.285311,2604
1359.962318,2605
1359.639325,2606
1359.316332,2607
1358.993339,2608
1358.670345,2609
1358.347352,2610
1358.024359,2611
1357.701366,2612
1357.378374,2613
1357.055381,2614
1356.732388,2615
1356.409395,2616
1356.086401,2617
1355.763408,2618
1355.440415,2619
1355.117422,2620
1354.794429,2621
1354.471436,2622
1354.148443,2623
1353.82545,2624
1353.502457,2625
1353.179463,2626
1352.85647,2627
1352.533477,2628
1352.210484,2629
1351.887491,2630
1351.564498,2631
1351.241505,2632
1350.918512,2633
1350.595519,2634
1350.272526,2635
1349.949533,2636
1349.62654,2637
1349.303547,2638
1348.980553,2639
1348.65756,2640
1348.334567,2641
1348.011575,2642
1347.688581,2643
1347.365588,2644
1347.042595,2645
1346.719602,2646
1346.396609,2647
1346.073616,2648
1345.750623,2649
1345.42763,2650
1345.104637,2651
1344.781643,2652
1344.45865,2653
1344.135657,2654
1343.812664,2655
1343.489671,2656
1343.166678,2657
1342.843685,2658
1342.520692,2659
1342.197699,2660
1341.874705,2661
1341.551712,2662
1341.228719,2663
1340.905727,2664
1340.582734,2665
1340.259741,2666
1339.936748,2667
1339.613754,2668
1339.290761,2669
1338.967768,2670
1338.644775,2671
1338.321782,2672
1337.998788,2673
1337.675795,2674
1337.352802,2675
1337.029809,2676
1336.706817,2677
1336.383824,2678
1336.060831,2679
1335.737838,2680
1335.414844,2681
1335.091851,2682
1334.768858,2683
1334.445865,2684
1334.122872,2685
1333.799878,2686
1333.476885,2687
1333.153892,2688
1332.830899,2689
1332.507907,2690
1332.184914,2691
1331.861921,2692
1331.538928,2693
1331.215934,2694
1330.892941,2695
1330.569948,2696
1330.569948,2697
1330.569948,2698
1330.569948,2699
1330.569948,2700
1330.569948,2701
1330.569948,2702
1330.569948,2703
1330.569948,2704
1330.569948,2705
1330.569948,2706
1330.569948,2707
1330.569948,2708
1330.569948,2709
1330.569948,2710
1330.569948,2711
1330.569948,2712
1330.569948,2713
1330.569948,2714
1330.569948,2715
1330.569948,2716
1330.569948,2717
1330.569948,2718
1330.569948,2719
1330.569948,2720
1330.569948,2721
1330.569948,2722
1330.569948,2723
1330.569948,2724
1330.569948,2725
1330.569948,2726
1330.569948,2727
1330.569948,2728
1330.569948,2729
1330.569948,2730
1330.569948,2731
1330.569948,2732
1330.569948,2733
1330.569948,2734
1330.569948,2735
1330.569948,2736
1330.569948,2737
1330.569948,2738
1330.569948,2739
1330.569948,2740
1330.569948,2741
1330.569948,2742
1330.569948,2743
1330.569948,2744
1330.569948,2745
1330.569948,2746
1330.569948,2747
1330.569948,2748
1330.569948,2749
1330.569948,2750
1330.569948,2751
1330.569948,2752
1330.569948,2753
1330.569948,2754
1330.569948,2755
1330.569948,2756
1330.569948,2757
1330.569948,2758
1330.569948,2759
1330.569948,2760
1330.569948,2761
1330.569948,2762
1330.569948,2763
1330.569948,2764
1330.569948,2765
1330.569948,2766
1330.569948,2767
1330.569948,2768
1330.569948,2769
1330.569948,2770
1330.569948,2771
1330.569948,2772
1330.569948,2773
1330.448826,2774
1330.327703,2775
1330.206581,2776
1330.085458,2777
1329.964336,2778
1329.843214,2779
1329.722091,2780
1329.600969,2781
1329.479846,2782
1329.358724,2783
1329.237602,2784
1329.116479,2785
1328.995357,2786
1328.874234,2787
1328.753112,2788
1328.63199,2789
1328.510867,2790
1328.389745,2791
1328.268622,2792
1328.1475,2793
1328.026377,2794
1327.905255,2795
1327.784133,2796
1327.66301,2797
1327.541888,2798
1327.420766,2799
1327.299643,2800
1327.178521,2801
1327.057398,2802
1326.936276,2803
1326.815154,2804
1326.694031,2805
1326.572909,2806
1326.451786,2807
1326.330664,2808
1326.209542,2809
1326.088419,2810
1325.967297,2811
1325.846174,2812
1325.725052,2813
1325.603929,2814
1325.482807,2815
1325.361684,2816
1325.240562,2817
1325.11944,2818
1324.998318,2819
1324.877195,2820
1324.756073,2821
1324.63495,2822
1324.513828,2823
1324.392705,2824
1324.271583,2825
1324.150461,2826
1324.029338,2827
1323.908216,2828
1323.787093,2829
1323.665971,2830
1323.544849,2831
1323.423726,2832
1323.302604,2833
1323.181482,2834
1323.060359,2835
1322.939237,2836
1322.818114,2837
1322.696992,2838
1322.575869,2839
1322.454747,2840
1322.333624,2841
1322.212502,2842
1322.09138,2843
1321.970258,2844
1321.849135,2845
1321.728013,2846
1321.60689,2847
1321.485768,2848
1321.364645,2849
1321.243523,2850
1322.051006,2851
1322.858488,2852
1323.665971,2853
1324.473454,2854
1325.280936,2855
1326.088419,2856
1326.895902,2857
1327.703384,2858
1328.510867,2859
1329.31835,2860
1330.125833,2861
1330.933315,2862
1331.740798,2863
1332.548281,2864
1333.355763,2865
1334.163246,2866
1334.970729,2867
1335.778211,2868
1336.585694,2869
1337.393177,2870
1338.20066,2871
1339.008143,2872
1339.815624,2873
1340.623107,2874
1341.43059,2875
1342.238073,2876
1343.045556,2877
1343.853039,2878
1344.66052,2879
1345.468003,2880
1346.275486,2881
1347.082969,2882
1347.890452,2883
1348.697935,2884
1349.505417,2885
1350.312899,2886
1351.120382,2887
1351.927865,2888
1352.735347,2889
1353.54283,2890
1354.350313,2891
1355.157796,2892
1355.965279,2893
1356.772762,2894
1357.580242,2895
1358.387725,2896
1359.195207,2897
1360.00269,2898
1360.810173,2899
1361.617656,2900
1362.425139,2901
1363.232622,2902
1364.040105,2903
1364.847588,2904
1365.655071,2905
1366.462554,2906
1367.270037,2907
1368.077516,2908
1368.884999,2909
1369.692482,2910
1370.499965,2911
1371.307448,2912
1372.114931,2913
1372.922414,2914
1373.729897,2915
1374.53738,2916
1375.344863,2917
1376.152346,2918
1376.959829,2919
1377.767312,2920
1378.574791,2921
1379.382274,2922
1380.189757,2923
1380.99724,2924
1381.804723,2925
1382.612206,2926
1383.419689,2927
1384.065675,2928
1384.711661,2929
1385.357647,2930
1386.003634,2931
1386.64962,2932
1387.295606,2933
1387.941592,2934
1388.587578,2935
1389.233564,2936
1389.879551,2937
1390.525537,2938
1391.171523,2939
1391.817509,2940
1392.463495,2941
1393.109481,2942
1393.755467,2943
1394.401454,2944
1395.047439,2945
1395.693426,2946
1396.339412,2947
1396.985398,2948
1397.631385,2949
1398.27737,2950
1398.923356,2951
1399.569342,2952
1400.215329,2953
1400.861315,2954
1401.507302,2955
1402.153286,2956
1402.799273,2957
1403.445259,2958
1404.091246,2959
1404.737232,2960
1405.383218,2961
1406.029205,2962
1406.67519,2963
1407.321176,2964
1407.967162,2965
1408.613149,2966
1409.259135,2967
1409.905121,2968
1410.551108,2969
1411.197094,2970
1411.843081,2971
1412.489064,2972
1413.13505,2973
1413.781037,2974
1414.427023,2975
1415.073009,2976
1415.718996,2977
1416.364982,2978
1417.010969,2979
1417.656955,2980
1418.302941,2981
1418.948928,2982
1419.594914,2983
1420.2409,2984
1420.886884,2985
1421.53287,2986
1422.178857,2987
1422.824843,2988
1423.470829,2989
1424.116816,2990
1424.762802,2991
1425.408788,2992
1426.054775,2993
1426.700761,2994
1427.346748,2995
1427.992734,2996
1428.63872,2997
1429.284704,2998
1429.93069,2999
1430.576677,3000
1431.222663,3001
1431.868649,3002
1432.514636,3003
1433.160622,3004
1433.564363,3005
1433.968105,3006
1434.371846,3007
1434.775587,3008
1435.179329,3009
1435.58307,3010
1435.986811,3011
1436.390553,3012
1436.794294,3013
1437.198035,3014
1437.601777,3015
1438.005518,3016
1438.409259,3017
1438.813001,3018
1439.216742,3019
1439.620483,3020
1440.024225,3021
1440.427966,3022
1440.831707,3023
1441.235449,3024
1441.63919,3025
1442.042932,3026
1442.446672,3027
1442.850414,3028
1443.254155,3029
1443.657897,3030
1444.061638,3031
1444.46538,3032
1444.86912,3033
1445.272862,3034
1445.676603,3035
1446.080345,3036
1446.484086,3037
1446.887828,3038
1447.291569,3039
1447.69531,3040
1448.099051,3041
1448.502793,3042
1448.906534,3043
1449.310276,3044
1449.714017,3045
1450.117759,3046
1450.5215,3047
1450.925242,3048
1451.328981,3049
1451.732723,3050
1452.136464,3051
1452.540206,3052
1452.943947,3053
1453.347689,3054
1453.75143,3055
1454.155172,3056
1454.558913,3057
1454.962655,3058
1455.366396,3059
1455.770138,3060
1456.173879,3061
1456.577619,3062
1456.98136,3063
1457.385102,3064
1457.788843,3065
1458.192585,3066
1458.596326,3067
1459.000068,3068
1459.403809,3069
1459.807551,3070
1460.211292,3071
1460.615034,3072
1461.018775,3073
1461.422516,3074
1461.826256,3075
1462.229998,3076
1462.633739,3077
1463.037481,3078
1463.441222,3079
1463.844964,3080
1464.248705,3081
1464.289079,3082
1464.329453,3083
1464.369827,3084
1464.410202,3085
1464.450576,3086
1464.49095,3087
1464.531324,3088
1464.571698,3089
1464.612072,3090
1464.652446,3091
1464.69282,3092
1464.733195,3093
1464.773569,3094
1464.813943,3095
1464.854317,3096
1464.894691,3097
1464.935065,3098
1464.975439,3099
1465.015813,3100
1465.056188,3101
1465.096562,3102
1465.136936,3103
1465.17731,3104
1465.217684,3105
1465.258058,3106
1465.298432,3107
1465.338807,3108
1465.379181,3109
1465.419555,3110
1465.459929,3111
1465.500303,3112
1465.540677,3113
1465.581051,3114
1465.621425,3115
1465.6618,3116
1465.702174,3117
1465.742548,3118
1465.782922,3119
1465.823296,3120
1465.86367,3121
1465.904044,3122
1465.944419,3123
1465.984793,3124
1466.025167,3125
1466.065541,3126
1466.105915,3127
1466.146289,3128
1466.186663,3129
1466.227037,3130
1466.267411,3131
1466.307786,3132
1466.34816,3133
1466.388534,3134
1466.428908,3135
1466.469282,3136
1466.509656,3137
1466.55003,3138
1466.590404,3139
1466.630779,3140
1466.671153,3141
1466.711527,3142
1466.751901,3143
1466.792275,3144
1466.832649,3145
1466.873023,3146
1466.913398,3147
1466.953772,3148
1466.994146,3149
1467.03452,3150
1467.074894,3151
1467.115268,3152
1467.155642,3153
1467.196016,3154
1467.236391,3155
1467.276765,3156
1467.317139,3157
1467.357513,3158
1468.972478,3159
1470.587444,3160
1472.202409,3161
1473.817374,3162
1475.43234,3163
1477.047305,3164
1478.662271,3165
1480.277236,3166
1481.892201,3167
1483.507167,3168
1485.122133,3169
1486.737097,3170
1488.352063,3171
1489.967029,3172
1491.581993,3173
1493.196959,3174
1494.811925,3175
1496.426889,3176
1498.041855,3177
1499.65682,3178
1501.271786,3179
1502.886752,3180
1504.501715,3181
1506.11668,3182
1507.731646,3183
1509.346612,3184
1510.961578,3185
1512.576544,3186
1514.191506,3187
1515.806472,3188
1517.421438,3189
1519.036404,3190
1520.65137,3191
1522.266336,3192
1523.881302,3193
1525.496264,3194
1527.11123,3195
1528.726196,3196
1530.341162,3197
1531.956128,3198
1533.571094,3199
1535.18606,3200
1536.801026,3201
1538.415992,3202
1540.03095,3203
1541.645916,3204
1543.260882,3205
1544.875848,3206
1546.490814,3207
1548.10578,3208
1549.720746,3209
1551.335712,3210
1552.950678,3211
1554.565643,3212
1556.180609,3213
1557.795575,3214
1559.410541,3215
1561.0255,3216
1562.640466,3217
1564.255432,3218
1565.870398,3219
1567.485363,3220
1569.100329,3221
1570.715295,3222
1572.330261,3223
1573.945227,3224
1575.560193,3225
1577.175159,3226
1578.790125,3227
1580.405091,3228
1582.020049,3229
1583.635015,3230
1585.249981,3231
1586.864947,3232
1588.479913,3233
1590.094879,3234
1591.709845,3235
1591.709845,3236
1591.709845,3237
1591.709845,3238
1591.709845,3239
1591.709845,3240
1591.709845,3241
1591.709845,3242
1591.709845,3243
1591.709845,3244
1591.709845,3245
1591.709845,3246
1591.709845,3247
1591.709845,3248
1591.709845,3249
1591.709845,3250
1591.709845,3251
1591.709845,3252
1591.709845,3253
1591.709845,3254
1591.709845,3255
1591.709845,3256
1591.709845,3257
1591.709845,3258
1591.709845,3259
1591.709845,3260
1591.709845,3261
1591.709845,3262
1591.709845,3263
1591.709845,3264
1591.709845,3265
1591.709845,3266
1591.709845,3267
1591.709845,3268
1591.709845,3269
1591.709845,3270
1591.709845,3271
1591.709845,3272
1591.709845,3273
1591.709845,3274
1591.709845,3275
1591.709845,3276
1591.709845,3277
1591.709845,3278
1591.709845,3279
1591.709845,3280
1591.709845,3281
1591.709845,3282
1591.709845,3283
1591.709845,3284
1591.709845,3285
1591.709845,3286
1591.709845,3287
1591.709845,3288
1591.709845,3289
1591.709845,3290
1591.709845,3291
1591.709845,3292
1591.709845,3293
1591.709845,3294
1591.709845,3295
1591.709845,3296
1591.709845,3297
1591.709845,3298
1591.709845,3299
1591.709845,3300
1591.709845,3301
1591.709845,3302
1591.709845,3303
1591.709845,3304
1591.709845,3305
1591.709845,3306
1591.709845,3307
1591.709845,3308
1591.709845,3309
1591.709845,3310
1591.709845,3311
1591.709845,3312
1591.427226,3313
1591.144607,3314
1590.861988,3315
1590.579369,3316
1590.29675,3317
1590.014131,3318
1589.731512,3319
1589.448894,3320
1589.166275,3321
1588.883656,3322
1588.601037,3323
1588.318418,3324
1588.035799,3325
1587.75318,3326
1587.470561,3327
1587.187942,3328
1586.905323,3329
1586.622704,3330
1586.340085,3331
1586.057466,3332
1585.774847,3333
1585.492228,3334
1585.20961,3335
1584.926991,3336
1584.644372,3337
1584.361753,3338
1584.079134,3339
1583.796515,3340
1583.513896,3341
1583.231277,3342
1582.948658,3343
1582.666039,3344
1582.38342,3345
1582.100801,3346
1581.818182,3347
1581.535564,3348
1581.252945,3349
1580.970326,3350
1580.687706,3351
1580.405087,3352
1580.122468,3353
1579.839849,3354
1579.55723,3355
1579.274611,3356
1578.991994,3357
1578.709375,3358
1578.426755,3359
1578.144136,3360
1577.861517,3361
1577.578898,3362
1577.296279,3363
1577.01366,3364
1576.731041,3365
1576.448422,3366
1576.165803,3367
1575.883184,3368
1575.600565,3369
1575.317947,3370
1575.035328,3371
1574.752709,3372
1574.47009,3373
1574.187471,3374
1573.904852,3375
1573.622233,3376
1573.339614,3377
1573.056995,3378
1572.774376,3379
1572.491757,3380
1572.209138,3381
1571.926519,3382
1571.643901,3383
1571.361282,3384
1571.078663,3385
1570.796044,3386
1570.513425,3387
1570.230806,3388
1569.948187,3389
1571.643901,3390
1573.339614,3391
1575.035328,3392
1576.731041,3393
1578.426755,3394
1580.122468,3395
1581.818183,3396
1583.513896,3397
1585.209609,3398
1586.905323,3399
1588.601038,3400
1590.29675,3401
1591.992464,3402
1593.688178,3403
1595.383891,3404
1597.079605,3405
1598.775319,3406
1600.471031,3407
1602.166745,3408
1603.86246,3409
1605.558174,3410
1607.253888,3411
1608.949598,3412
1610.645313,3413
1612.341027,3414
1614.036741,3415
1615.732455,3416
1617.42817,3417
1619.12388,3418
1620.819594,3419
1622.515308,3420
1624.211022,3421
1625.906737,3422
1627.602451,3423
1629.298165,3424
1630.993875,3425
1632.68959,3426
1634.385304,3427
1636.081018,3428
1637.776732,3429
1639.472447,3430
1641.168161,3431
1642.863875,3432
1644.559589,3433
1646.255296,3434
1647.95101,3435
1649.646724,3436
1651.342438,3437
1653.038152,3438
1654.733867,3439
1656.429581,3440
1658.125295,3441
1659.821009,3442
1661.516724,3443
1663.212438,3444
1664.908152,3445
1666.603866,3446
1668.299573,3447
1669.995287,3448
1671.691001,3449
1673.386715,3450
1675.08243,3451
1676.778144,3452
1678.473858,3453
1680.169572,3454
1681.865286,3455
1683.561001,3456
1685.256715,3457
1686.952429,3458
1688.648143,3459
1690.34385,3460
1692.039564,3461
1693.735278,3462
1695.430992,3463
1697.126707,3464
1698.822421,3465
1700.518135,3466
1700.356638,3467
1700.195142,3468
1700.033645,3469
1699.872149,3470
1699.710652,3471
1699.549156,3472
1699.387659,3473
1699.226163,3474
1699.064666,3475
1698.90317,3476
1698.741673,3477
1698.580177,3478
1698.41868,3479
1698.257183,3480
1698.095687,3481
1697.93419,3482
1697.772694,3483
1697.611197,3484
1697.449701,3485
1697.288204,3486
1697.126708,3487
1696.965211,3488
1696.803715,3489
1696.642218,3490
1696.480722,3491
1696.319225,3492
1696.157729,3493
1695.996232,3494
1695.834736,3495
1695.673239,3496
1695.511743,3497
1695.350246,3498
1695.188749,3499
1695.027253,3500
1694.865756,3501
1694.70426,3502
1694.542763,3503
1694.381267,3504
1694.21977,3505
1694.058274,3506
1693.896777,3507
1693.73528,3508
1693.573784,3509
1693.412287,3510
1693.250791,3511
1693.089295,3512
1692.927798,3513
1692.766302,3514
1692.604805,3515
1692.443308,3516
1692.281812,3517
1692.120315,3518
1691.958819,3519
1691.797322,3520
1691.635826,3521
1691.474329,3522
1691.312832,3523
1691.151336,3524
1690.98984,3525
1690.828343,3526
1690.666847,3527
1690.50535,3528
1690.343854,3529
1690.182357,3530
1690.02086,3531
1689.859364,3532
1689.697867,3533
1689.536371,3534
1689.374874,3535
1689.213377,3536
1689.051882,3537
1688.890385,3538
1688.728888,3539
1688.567392,3540
1688.405895,3541
1688.244399,3542
1688.082902,3543
1687.47729,3544
1686.871678,3545
1686.266066,3546
1685.660454,3547
1685.054842,3548
1684.44923,3549
1683.843618,3550
1683.238006,3551
1682.632394,3552
1682.026782,3553
1681.42117,3554
1680.815558,3555
1680.209946,3556
1679.604334,3557
1678.998722,3558
1678.39311,3559
1677.787498,3560
1677.181886,3561
1676.576274,3562
1675.970662,3563
1675.365049,3564
1674.759437,3565
1674.153826,3566
1673.548214,3567
1672.942602,3568
1672.33699,3569
1671.731377,3570
1671.125765,3571
1670.520154,3572
1669.914542,3573
1669.30893,3574
1668.703318,3575
1668.097705,3576
1667.492093,3577
1666.886481,3578
1666.28087,3579
1665.675258,3580
1665.069646,3581
1664.464033,3582
1663.858421,3583
1663.252809,3584
1662.647197,3585
1662.041584,3586
1661.435972,3587
1660.830363,3588
1660.224751,3589
1659.619138,3590
1659.013526,3591
1658.407914,3592
1657.802302,3593
1657.196689,3594
1656.591077,3595
1655.985465,3596
1655.379853,3597
1654.77424,3598
1654.168628,3599
1653.563016,3600
1652.957407,3601
1652.351794,3602
1651.746182,3603
1651.14057,3604
1650.534958,3605
1649.929345,3606
1649.323733,3607
1648.718121,3608
1648.112509,3609
1647.506897,3610
1646.901284,3611
1646.295672,3612
1645.69006,3613
1645.08445,3614
1644.478838,3615
1643.873226,3616
1643.267614,3617
1642.662001,3618
1642.056389,3619
1641.450777,3620
